{"stats":{"minecraft:dropped":{"minecraft:wheat_seeds":1,"minecraft:oak_sapling":4},"minecraft:used":{"minecraft:diorite":3,"minecraft:stone_shovel":81,"minecraft:stone_pickaxe":65,"minecraft:oak_planks":1,"minecraft:chest":4,"minecraft:wooden_pickaxe":7,"minecraft:fletching_table":1,"minecraft:golden_hoe":22,"minecraft:crafting_table":1,"minecraft:spruce_log":1,"minecraft:bread":1,"minecraft:spruce_sapling":5,"minecraft:stone_axe":51,"minecraft:sweet_berries":6,"minecraft:cooked_porkchop":1,"minecraft:furnace":2,"minecraft:grindstone":3},"minecraft:mined":{"minecraft:grass_block":4,"minecraft:chest":2,"minecraft:tall_grass":2,"minecraft:spruce_leaves":12,"minecraft:grindstone":2,"minecraft:diorite":5,"minecraft:large_fern":3,"minecraft:spruce_sapling":1,"minecraft:carrots":1,"minecraft:iron_ore":3,"minecraft:sweet_berry_bush":7,"minecraft:spruce_log":31,"minecraft:grass":11,"minecraft:oak_log":14,"minecraft:coal_ore":12,"minecraft:beetroots":2,"minecraft:gravel":56,"minecraft:sand":12,"minecraft:dirt":17,"minecraft:stone":50,"minecraft:oak_leaves":2},"minecraft:crafted":{"minecraft:grindstone":1,"minecraft:oak_planks":56,"minecraft:stone_shovel":1,"minecraft:emerald":4,"minecraft:cooked_porkchop":8,"minecraft:crafting_table":1,"minecraft:spruce_planks":60,"minecraft:wooden_pickaxe":1,"minecraft:furnace":2,"minecraft:stone":9,"minecraft:fletching_table":1,"minecraft:stone_axe":1,"minecraft:air":0,"minecraft:iron_axe":1,"minecraft:stick":140,"minecraft:stone_slab":6,"minecraft:stone_pickaxe":1,"minecraft:chest":2},"minecraft:killed":{"minecraft:pig":5},"minecraft:custom":{"minecraft:interact_with_furnace":5,"minecraft:mob_kills":5,"minecraft:traded_with_villager":5,"minecraft:interact_with_crafting_table":9,"minecraft:play_one_minute":14540,"minecraft:interact_with_grindstone":1,"minecraft:time_since_death":14540,"minecraft:sleep_in_bed":1,"minecraft:time_since_rest":5184,"minecraft:sprint_one_cm":46533,"minecraft:damage_taken":19,"minecraft:walk_one_cm":19938,"minecraft:drop":2,"minecraft:damage_dealt":500,"minecraft:swim_one_cm":4787,"minecraft:talked_to_villager":7,"minecraft:fly_one_cm":112599,"minecraft:open_chest":6,"minecraft:crouch_one_cm":5586,"minecraft:sneak_time":2189,"minecraft:walk_under_water_one_cm":311,"minecraft:jump":410,"minecraft:walk_on_water_one_cm":1538,"minecraft:fall_one_cm":10508},"minecraft:picked_up":{"minecraft:potato":8,"minecraft:flint":2,"minecraft:oak_log":14,"minecraft:dirt":21,"minecraft:apple":7,"minecraft:wheat_seeds":1,"minecraft:grindstone":2,"minecraft:iron_ore":3,"minecraft:chest":2,"minecraft:stick":6,"minecraft:sweet_berries":17,"minecraft:gravel":53,"minecraft:porkchop":11,"minecraft:sand":12,"minecraft:spruce_sapling":10,"minecraft:diorite":5,"minecraft:spruce_log":30,"minecraft:carrot":1,"minecraft:bread":1,"minecraft:oak_sapling":4,"minecraft:coal":12,"minecraft:cobblestone":50}},"DataVersion":2586}