{"stats":{"minecraft:used":{"minecraft:enchanting_table":1,"minecraft:stone_shovel":108,"minecraft:chest":4,"minecraft:spruce_planks":60,"minecraft:shield":46,"minecraft:cooked_salmon":3,"minecraft:torch":44,"minecraft:dirt":2,"minecraft:white_carpet":8,"minecraft:spruce_stairs":4,"minecraft:spruce_fence":1,"minecraft:snowball":7,"minecraft:spruce_boat":1,"minecraft:glass":12,"minecraft:dark_oak_planks":4,"minecraft:iron_axe":134,"minecraft:oak_stairs":1,"minecraft:furnace":5,"minecraft:minecart":9,"minecraft:cooked_mutton":11,"minecraft:water_bucket":28,"minecraft:snow_block":5,"minecraft:stone_pickaxe":68,"minecraft:baked_potato":2,"minecraft:oak_planks":18,"minecraft:wooden_pickaxe":3,"minecraft:composter":1,"minecraft:cobblestone_slab":4,"minecraft:blue_bed":3,"minecraft:fletching_table":3,"minecraft:rail":48,"minecraft:oak_slab":7,"minecraft:crafting_table":8,"minecraft:red_bed":1,"minecraft:white_bed":12,"minecraft:oak_log":2,"minecraft:bread":3,"minecraft:cyan_bed":7,"minecraft:iron_pickaxe":294,"minecraft:spruce_trapdoor":4,"minecraft:spruce_sapling":17,"minecraft:gravel":14,"minecraft:stone_axe":205,"minecraft:cobblestone":108,"minecraft:grindstone":1,"minecraft:smithing_table":1,"minecraft:bucket":29,"minecraft:bone_meal":9},"minecraft:picked_up":{"minecraft:crafting_table":4,"minecraft:iron_chestplate":5,"minecraft:smithing_table":1,"minecraft:oak_stairs":1,"minecraft:crimson_planks":1,"minecraft:shield":3,"minecraft:red_bed":1,"minecraft:iron_leggings":5,"minecraft:white_carpet":4,"minecraft:purple_banner":1,"minecraft:spruce_planks":51,"minecraft:minecart":9,"minecraft:iron_pickaxe":2,"minecraft:chest":5,"minecraft:furnace":4,"minecraft:iron_boots":2,"minecraft:stick":35,"minecraft:composter":3,"minecraft:oak_fence":2,"minecraft:torch":4,"minecraft:spruce_stairs":6,"minecraft:snow_block":24,"minecraft:spruce_fence":1,"minecraft:porkchop":2,"minecraft:diorite":1,"minecraft:dark_oak_planks":4,"minecraft:cooked_cod":1,"minecraft:arrow":3,"minecraft:stone_shovel":2,"minecraft:mutton":27,"minecraft:rail":48,"minecraft:snowball":120,"minecraft:white_wool":20,"minecraft:cobblestone":374,"minecraft:water_bucket":4,"minecraft:brown_wool":2,"minecraft:potato":1,"minecraft:flint":38,"minecraft:oak_log":8,"minecraft:gunpowder":38,"minecraft:blue_bed":3,"minecraft:dirt":5,"minecraft:cooked_mutton":20,"minecraft:bone":6,"minecraft:spruce_wood":14,"minecraft:iron_ingot":8,"minecraft:cobweb":10,"minecraft:iron_ore":52,"minecraft:fletching_table":2,"minecraft:oak_planks":35,"minecraft:honeycomb":14,"minecraft:book":24,"minecraft:oak_slab":20,"minecraft:quartz":46,"minecraft:gravel":52,"minecraft:jungle_planks":1,"minecraft:sand":17,"minecraft:spruce_sapling":20,"minecraft:cyan_bed":10,"minecraft:white_bed":8,"minecraft:spruce_log":94,"minecraft:barrel":6,"minecraft:oak_wood":3,"minecraft:diamond":18,"minecraft:stone_axe":2,"minecraft:emerald":22,"minecraft:bread":1,"minecraft:baked_potato":6,"minecraft:black_wool":1,"minecraft:coal":219},"minecraft:broken":{"minecraft:stone_axe":1},"minecraft:killed_by":{"minecraft:vindicator":4},"minecraft:killed":{"minecraft:vindicator":25,"minecraft:skeleton":1,"minecraft:sheep":14,"minecraft:pillager":18,"minecraft:zombie":1},"minecraft:dropped":{"minecraft:bread":30,"minecraft:oak_fence":1,"minecraft:dirt":1,"minecraft:brown_wool":1,"minecraft:snowball":13,"minecraft:white_wool":1,"minecraft:stone_axe":1},"minecraft:custom":{"minecraft:interact_with_smithing_table":3,"minecraft:mob_kills":60,"minecraft:interact_with_crafting_table":35,"minecraft:open_barrel":29,"minecraft:leave_game":1,"minecraft:time_since_death":29774,"minecraft:climb_one_cm":2644,"minecraft:sprint_one_cm":214485,"minecraft:walk_one_cm":193541,"minecraft:damage_blocked_by_shield":1595,"minecraft:drop":9,"minecraft:talked_to_villager":57,"minecraft:deaths":4,"minecraft:sneak_time":22804,"minecraft:walk_under_water_one_cm":12816,"minecraft:boat_one_cm":236904,"minecraft:jump":1893,"minecraft:walk_on_water_one_cm":9951,"minecraft:interact_with_furnace":31,"minecraft:traded_with_villager":28,"minecraft:play_one_minute":104235,"minecraft:sleep_in_bed":9,"minecraft:time_since_rest":738,"minecraft:damage_taken":2174,"minecraft:minecart_one_cm":986,"minecraft:damage_dealt":13736,"minecraft:swim_one_cm":23562,"minecraft:fly_one_cm":375087,"minecraft:open_chest":34,"minecraft:crouch_one_cm":67433,"minecraft:fall_one_cm":40327,"minecraft:inspect_dispenser":3},"minecraft:mined":{"minecraft:dark_oak_planks":4,"minecraft:spruce_planks":15,"minecraft:white_bed":8,"minecraft:grass_block":3,"minecraft:spruce_fence":1,"minecraft:jungle_planks":1,"minecraft:spruce_leaves":8,"minecraft:composter":3,"minecraft:spruce_sapling":9,"minecraft:furnace":4,"minecraft:iron_ore":52,"minecraft:fire":2,"minecraft:barrel":3,"minecraft:snow":11,"minecraft:fletching_table":2,"minecraft:bookshelf":8,"minecraft:rail":36,"minecraft:oak_stairs":1,"minecraft:stone":82,"minecraft:white_wool":8,"minecraft:spruce_slab":1,"minecraft:smithing_table":1,"minecraft:oak_slab":7,"minecraft:red_bed":1,"minecraft:snow_block":21,"minecraft:oak_fence":1,"minecraft:crafting_table":4,"minecraft:torch":2,"minecraft:oak_wood":3,"minecraft:chest":3,"minecraft:tall_grass":1,"minecraft:cobblestone":95,"minecraft:cyan_bed":8,"minecraft:oak_planks":24,"minecraft:blue_bed":3,"minecraft:spruce_stairs":4,"minecraft:ice":1,"minecraft:white_carpet":4,"minecraft:spruce_log":95,"minecraft:grass":4,"minecraft:oak_log":5,"minecraft:coal_ore":95,"minecraft:gravel":56,"minecraft:sand":17,"minecraft:dirt":3,"minecraft:crimson_planks":1},"minecraft:crafted":{"minecraft:grindstone":1,"minecraft:oak_planks":12,"minecraft:cobblestone_slab":6,"minecraft:stone_shovel":3,"minecraft:furnace":2,"minecraft:stone":3,"minecraft:bone_meal":9,"minecraft:white_carpet":6,"minecraft:cooked_mutton":21,"minecraft:flint_and_steel":1,"minecraft:glass":12,"minecraft:iron_axe":2,"minecraft:stone_pickaxe":1,"minecraft:chest":2,"minecraft:spruce_boat":1,"minecraft:rail":48,"minecraft:minecart":1,"minecraft:oak_slab":12,"minecraft:emerald":16,"minecraft:crafting_table":4,"minecraft:spruce_planks":404,"minecraft:enchanting_table":1,"minecraft:wooden_pickaxe":1,"minecraft:fletching_table":2,"minecraft:bucket":1,"minecraft:stone_axe":3,"minecraft:bread":60,"minecraft:air":0,"minecraft:spruce_trapdoor":4,"minecraft:iron_chestplate":1,"minecraft:shield":2,"minecraft:stick":560,"minecraft:stone_slab":6,"minecraft:iron_ingot":44,"minecraft:iron_pickaxe":2,"minecraft:snow_block":17,"minecraft:white_bed":4,"minecraft:torch":40}},"DataVersion":2586}