{"stats":{"minecraft:killed":{"minecraft:vindicator":44,"minecraft:skeleton":35,"minecraft:sheep":15,"minecraft:pillager":18,"minecraft:zombie":6},"minecraft:dropped":{"minecraft:crimson_planks":3,"minecraft:bread":30,"minecraft:oak_slab":15,"minecraft:oak_fence":1,"minecraft:cobblestone":1,"minecraft:dirt":1,"minecraft:gray_concrete":8,"minecraft:stone_button":2,"minecraft:mutton":2,"minecraft:cooked_cod":2,"minecraft:brown_wool":1,"minecraft:iron_door":1,"minecraft:snowball":13,"minecraft:string":4,"minecraft:white_wool":2,"minecraft:stone_axe":1,"minecraft:chiseled_quartz_block":3,"minecraft:stone_shovel":10,"minecraft:rotten_flesh":5,"minecraft:light_gray_concrete":4,"minecraft:ladder":4,"minecraft:stone_bricks":1,"minecraft:spruce_slab":5,"minecraft:stone_pickaxe":1},"minecraft:used":{"minecraft:enchanting_table":2,"minecraft:spruce_slab":196,"minecraft:stone_shovel":240,"minecraft:chest":6,"minecraft:spruce_planks":103,"minecraft:shield":53,"minecraft:iron_sword":97,"minecraft:bell":1,"minecraft:cooked_salmon":3,"minecraft:torch":91,"minecraft:dirt":9,"minecraft:white_carpet":8,"minecraft:spruce_stairs":7,"minecraft:snowball":9,"minecraft:spruce_fence":1,"minecraft:spruce_boat":1,"minecraft:glass":12,"minecraft:dark_oak_planks":4,"minecraft:iron_axe":800,"minecraft:oak_stairs":1,"minecraft:quartz_block":2,"minecraft:smooth_quartz":10,"minecraft:crimson_planks":26,"minecraft:bow":33,"minecraft:furnace":5,"minecraft:minecart":9,"minecraft:acacia_wood":2,"minecraft:cooked_mutton":15,"minecraft:water_bucket":30,"minecraft:snow_block":5,"minecraft:baked_potato":5,"minecraft:stone_pickaxe":68,"minecraft:oak_planks":28,"minecraft:sugar_cane":5,"minecraft:wooden_pickaxe":3,"minecraft:blue_bed":6,"minecraft:composter":2,"minecraft:fletching_table":7,"minecraft:cobblestone_slab":4,"minecraft:rail":48,"minecraft:blast_furnace":1,"minecraft:oak_slab":14,"minecraft:crafting_table":11,"minecraft:red_bed":2,"minecraft:white_bed":13,"minecraft:spruce_log":4,"minecraft:oak_log":2,"minecraft:diamond_pickaxe":101,"minecraft:iron_pickaxe":304,"minecraft:light_gray_concrete":13,"minecraft:bread":3,"minecraft:cyan_bed":14,"minecraft:spruce_trapdoor":8,"minecraft:gravel":14,"minecraft:iron_door":1,"minecraft:spruce_sapling":39,"minecraft:stone_axe":205,"minecraft:cobblestone":135,"minecraft:grindstone":5,"minecraft:smithing_table":6,"minecraft:bucket":29,"minecraft:pumpkin_pie":3,"minecraft:gray_wool":12,"minecraft:bone_meal":25},"minecraft:killed_by":{"minecraft:vindicator":4},"minecraft:broken":{"minecraft:iron_axe":3,"minecraft:stone_axe":1,"minecraft:iron_pickaxe":1,"minecraft:stone_shovel":1},"minecraft:crafted":{"minecraft:grindstone":1,"minecraft:smooth_stone":6,"minecraft:oak_planks":12,"minecraft:cobblestone_slab":6,"minecraft:stone_shovel":12,"minecraft:spruce_button":8,"minecraft:furnace":2,"minecraft:blast_furnace":1,"minecraft:stone":9,"minecraft:bone_meal":87,"minecraft:white_carpet":6,"minecraft:cooked_mutton":21,"minecraft:flint_and_steel":1,"minecraft:glass":17,"minecraft:bow":1,"minecraft:iron_axe":10,"minecraft:spruce_slab":198,"minecraft:stone_pickaxe":2,"minecraft:chest":3,"minecraft:spruce_boat":1,"minecraft:rail":48,"minecraft:minecart":1,"minecraft:oak_slab":12,"minecraft:crimson_planks":36,"minecraft:arrow":64,"minecraft:emerald":65,"minecraft:crafting_table":5,"minecraft:spruce_planks":1360,"minecraft:enchanting_table":1,"minecraft:wooden_pickaxe":1,"minecraft:fletching_table":4,"minecraft:bucket":1,"minecraft:stone_axe":3,"minecraft:bread":90,"minecraft:air":0,"minecraft:spruce_trapdoor":8,"minecraft:iron_chestplate":1,"minecraft:diamond_pickaxe":1,"minecraft:shield":2,"minecraft:stick":2128,"minecraft:stone_slab":6,"minecraft:iron_ingot":44,"minecraft:iron_pickaxe":2,"minecraft:snow_block":43,"minecraft:white_bed":4,"minecraft:pumpkin_pie":36,"minecraft:torch":84},"minecraft:picked_up":{"minecraft:iron_chestplate":5,"minecraft:crafting_table":6,"minecraft:wheat":2,"minecraft:ladder":4,"minecraft:redstone_lamp":12,"minecraft:smithing_table":6,"minecraft:oak_stairs":1,"minecraft:crimson_planks":5,"minecraft:shield":3,"minecraft:string":8,"minecraft:red_bed":2,"minecraft:smooth_stone_slab":2,"minecraft:iron_leggings":5,"minecraft:white_carpet":4,"minecraft:pufferfish":2,"minecraft:purple_banner":1,"minecraft:spruce_planks":62,"minecraft:observer":2,"minecraft:smooth_quartz":23,"minecraft:iron_pickaxe":2,"minecraft:spruce_slab":11,"minecraft:minecart":9,"minecraft:melon_slice":13,"minecraft:sugar_cane":5,"minecraft:chest":6,"minecraft:piston":11,"minecraft:furnace":6,"minecraft:iron_boots":2,"minecraft:stick":46,"minecraft:stripped_crimson_hyphae":19,"minecraft:composter":5,"minecraft:oak_fence":2,"minecraft:torch":7,"minecraft:spruce_stairs":22,"minecraft:spruce_fence":6,"minecraft:snow_block":24,"minecraft:porkchop":2,"minecraft:stone_button":2,"minecraft:diorite":1,"minecraft:carrot":1,"minecraft:redstone":22,"minecraft:dark_oak_planks":4,"minecraft:quartz_block":2,"minecraft:arrow":23,"minecraft:stone_shovel":3,"minecraft:rotten_flesh":5,"minecraft:cooked_cod":2,"minecraft:mutton":29,"minecraft:rail":48,"minecraft:snowball":226,"minecraft:white_wool":21,"minecraft:cobblestone":393,"minecraft:enchanting_table":1,"minecraft:repeater":10,"minecraft:iron_door":2,"minecraft:water_bucket":4,"minecraft:salmon":4,"minecraft:brown_wool":2,"minecraft:chiseled_quartz_block":9,"minecraft:acacia_wood":2,"minecraft:potato":12,"minecraft:flint":38,"minecraft:stripped_spruce_wood":16,"minecraft:oak_log":10,"minecraft:gunpowder":38,"minecraft:gray_concrete":16,"minecraft:blue_bed":6,"minecraft:dirt":37,"minecraft:lantern":1,"minecraft:cooked_mutton":20,"minecraft:bone":32,"minecraft:stone_bricks":1,"minecraft:bell":1,"minecraft:wheat_seeds":13,"minecraft:spruce_wood":14,"minecraft:grindstone":4,"minecraft:iron_ingot":9,"minecraft:cobweb":10,"minecraft:iron_ore":52,"minecraft:fletching_table":5,"minecraft:oak_planks":48,"minecraft:honeycomb":14,"minecraft:book":24,"minecraft:oak_slab":52,"minecraft:quartz":46,"minecraft:gravel":52,"minecraft:jungle_planks":5,"minecraft:sand":17,"minecraft:stripped_spruce_log":10,"minecraft:spruce_sapling":53,"minecraft:white_bed":9,"minecraft:spruce_log":449,"minecraft:cyan_bed":16,"minecraft:barrel":10,"minecraft:light_gray_concrete":40,"minecraft:oak_wood":9,"minecraft:diamond":18,"minecraft:stone_axe":2,"minecraft:gray_wool":12,"minecraft:emerald":46,"minecraft:bread":1,"minecraft:baked_potato":6,"minecraft:black_wool":1,"minecraft:coal":219},"minecraft:custom":{"minecraft:interact_with_smithing_table":4,"minecraft:mob_kills":120,"minecraft:interact_with_crafting_table":49,"minecraft:open_barrel":46,"minecraft:bell_ring":1,"minecraft:leave_game":2,"minecraft:time_since_death":103658,"minecraft:climb_one_cm":8890,"minecraft:sprint_one_cm":346445,"minecraft:walk_one_cm":343807,"minecraft:damage_blocked_by_shield":1895,"minecraft:drop":48,"minecraft:talked_to_villager":95,"minecraft:sneak_time":43485,"minecraft:deaths":4,"minecraft:walk_under_water_one_cm":14090,"minecraft:boat_one_cm":410060,"minecraft:jump":3029,"minecraft:walk_on_water_one_cm":13271,"minecraft:interact_with_furnace":37,"minecraft:traded_with_villager":114,"minecraft:play_one_minute":178119,"minecraft:interact_with_grindstone":1,"minecraft:sleep_in_bed":14,"minecraft:time_since_rest":9497,"minecraft:damage_taken":2400,"minecraft:damage_dealt":27938,"minecraft:minecart_one_cm":986,"minecraft:swim_one_cm":33213,"minecraft:fly_one_cm":533029,"minecraft:open_chest":84,"minecraft:crouch_one_cm":122434,"minecraft:fall_one_cm":63932,"minecraft:inspect_dispenser":3},"minecraft:mined":{"minecraft:dark_oak_planks":4,"minecraft:spruce_planks":26,"minecraft:white_bed":9,"minecraft:farmland":16,"minecraft:ladder":2,"minecraft:stone_button":1,"minecraft:stripped_crimson_hyphae":19,"minecraft:grass_block":8,"minecraft:spruce_fence":6,"minecraft:jungle_planks":5,"minecraft:redstone_wire":2,"minecraft:spruce_leaves":9,"minecraft:composter":5,"minecraft:spawner":4,"minecraft:carrots":1,"minecraft:spruce_sapling":11,"minecraft:furnace":4,"minecraft:iron_ore":52,"minecraft:fire":2,"minecraft:barrel":7,"minecraft:snow":118,"minecraft:acacia_wood":2,"minecraft:stripped_spruce_log":10,"minecraft:fletching_table":5,"minecraft:enchanting_table":1,"minecraft:bell":1,"minecraft:bookshelf":8,"minecraft:potatoes":5,"minecraft:rail":36,"minecraft:oak_stairs":1,"minecraft:light_gray_concrete":22,"minecraft:stone":82,"minecraft:white_wool":8,"minecraft:spruce_slab":8,"minecraft:tripwire":2,"minecraft:smithing_table":6,"minecraft:oak_slab":38,"minecraft:gray_concrete":4,"minecraft:quartz_block":2,"minecraft:red_bed":2,"minecraft:snow_block":21,"minecraft:observer":2,"minecraft:chiseled_quartz_block":3,"minecraft:oak_fence":1,"minecraft:crafting_table":6,"minecraft:torch":6,"minecraft:oak_wood":9,"minecraft:melon":2,"minecraft:chest":4,"minecraft:tall_grass":1,"minecraft:cobblestone":114,"minecraft:cyan_bed":14,"minecraft:oak_planks":38,"minecraft:grindstone":4,"minecraft:sugar_cane":3,"minecraft:blue_bed":6,"minecraft:iron_door":2,"minecraft:spruce_stairs":20,"minecraft:gray_wool":12,"minecraft:repeater":2,"minecraft:stripped_spruce_wood":16,"minecraft:wheat":10,"minecraft:ice":2,"minecraft:white_carpet":4,"minecraft:spruce_log":451,"minecraft:grass_path":5,"minecraft:smooth_stone_slab":1,"minecraft:grass":5,"minecraft:oak_log":7,"minecraft:coal_ore":95,"minecraft:smooth_quartz":22,"minecraft:gravel":56,"minecraft:sand":17,"minecraft:dirt":10,"minecraft:crimson_planks":2,"minecraft:cobweb":2,"minecraft:stone_bricks":1,"minecraft:piston":1}},"DataVersion":2586}