{"stats":{"minecraft:used":{"minecraft:water_bucket":8,"minecraft:diorite":3,"minecraft:stone_pickaxe":66,"minecraft:stone_shovel":97,"minecraft:oak_planks":16,"minecraft:chest":6,"minecraft:wooden_pickaxe":7,"minecraft:shield":47,"minecraft:composter":4,"minecraft:fletching_table":2,"minecraft:golden_hoe":33,"minecraft:white_bed":1,"minecraft:blast_furnace":1,"minecraft:crafting_table":3,"minecraft:spruce_log":1,"minecraft:shears":42,"minecraft:spruce_sapling":13,"minecraft:iron_pickaxe":3,"minecraft:iron_axe":155,"minecraft:bread":5,"minecraft:cyan_bed":1,"minecraft:gravel":19,"minecraft:stone_axe":51,"minecraft:sweet_berries":6,"minecraft:grindstone":3,"minecraft:furnace":2,"minecraft:cooked_porkchop":8,"minecraft:bucket":9,"minecraft:yellow_bed":4,"minecraft:dandelion":4},"minecraft:dropped":{"minecraft:wheat_seeds":4,"minecraft:iron_chestplate":1,"minecraft:oak_sapling":7,"minecraft:fire_charge":1,"minecraft:bow":1,"minecraft:white_wool":1},"minecraft:custom":{"minecraft:interact_with_furnace":9,"minecraft:mob_kills":21,"minecraft:traded_with_villager":36,"minecraft:interact_with_crafting_table":14,"minecraft:open_barrel":2,"minecraft:play_one_minute":55227,"minecraft:leave_game":3,"minecraft:interact_with_grindstone":1,"minecraft:time_since_death":55227,"minecraft:sleep_in_bed":4,"minecraft:climb_one_cm":2269,"minecraft:time_since_rest":6217,"minecraft:sprint_one_cm":129570,"minecraft:damage_taken":788,"minecraft:walk_one_cm":70598,"minecraft:damage_blocked_by_shield":1850,"minecraft:drop":10,"minecraft:damage_dealt":2382,"minecraft:swim_one_cm":4787,"minecraft:talked_to_villager":19,"minecraft:fly_one_cm":264550,"minecraft:open_chest":26,"minecraft:crouch_one_cm":13078,"minecraft:sneak_time":4900,"minecraft:walk_under_water_one_cm":685,"minecraft:jump":1051,"minecraft:walk_on_water_one_cm":3003,"minecraft:fall_one_cm":23695,"minecraft:horse_one_cm":845272},"minecraft:crafted":{"minecraft:grindstone":1,"minecraft:oak_planks":60,"minecraft:stone_shovel":1,"minecraft:emerald":20,"minecraft:cooked_porkchop":11,"minecraft:crafting_table":2,"minecraft:spruce_planks":320,"minecraft:wooden_pickaxe":1,"minecraft:furnace":2,"minecraft:stone":9,"minecraft:fletching_table":2,"minecraft:bone_meal":33,"minecraft:bucket":1,"minecraft:stone_axe":1,"minecraft:bread":60,"minecraft:air":0,"minecraft:shield":1,"minecraft:iron_axe":2,"minecraft:stick":652,"minecraft:stone_slab":6,"minecraft:iron_ingot":2,"minecraft:stone_pickaxe":1,"minecraft:chest":2,"minecraft:white_bed":1,"minecraft:pumpkin_pie":16,"minecraft:shears":1},"minecraft:broken":{"minecraft:golden_hoe":1},"minecraft:killed":{"minecraft:pig":5,"minecraft:sheep":4,"minecraft:skeleton":12},"minecraft:mined":{"minecraft:white_bed":1,"minecraft:brown_carpet":1,"minecraft:dandelion":4,"minecraft:crafting_table":2,"minecraft:blast_furnace":2,"minecraft:grass_block":8,"minecraft:chest":6,"minecraft:lectern":1,"minecraft:tall_grass":12,"minecraft:spruce_leaves":12,"minecraft:oak_planks":3,"minecraft:cyan_bed":2,"minecraft:sugar_cane":3,"minecraft:grindstone":2,"minecraft:composter":4,"minecraft:diorite":5,"minecraft:large_fern":4,"minecraft:hay_block":12,"minecraft:cyan_wool":42,"minecraft:spruce_sapling":1,"minecraft:furnace":1,"minecraft:carrots":1,"minecraft:iron_ore":3,"minecraft:sweet_berry_bush":7,"minecraft:spruce_log":111,"minecraft:birch_leaves":1,"minecraft:yellow_bed":4,"minecraft:grass":31,"minecraft:bookshelf":12,"minecraft:coal_ore":12,"minecraft:oak_log":19,"minecraft:beetroots":2,"minecraft:sand":12,"minecraft:gravel":68,"minecraft:dirt":17,"minecraft:stripped_oak_log":1,"minecraft:stone":50,"minecraft:oak_leaves":3},"minecraft:picked_up":{"minecraft:stripped_oak_log":1,"minecraft:crafting_table":2,"minecraft:iron_chestplate":2,"minecraft:feather":1,"minecraft:potato":25,"minecraft:flint":4,"minecraft:oak_log":19,"minecraft:yellow_bed":4,"minecraft:lapis_lazuli":13,"minecraft:dirt":25,"minecraft:iron_leggings":1,"minecraft:bone":11,"minecraft:apple":15,"minecraft:bow":1,"minecraft:wheat_seeds":11,"minecraft:iron_ingot":16,"minecraft:grindstone":2,"minecraft:iron_ore":3,"minecraft:cyan_wool":39,"minecraft:observer":1,"minecraft:iron_pickaxe":1,"minecraft:lectern":1,"minecraft:sugar_cane":7,"minecraft:chest":6,"minecraft:iron_sword":4,"minecraft:oak_planks":8,"minecraft:egg":1,"minecraft:book":36,"minecraft:stick":17,"minecraft:sweet_berries":17,"minecraft:composter":4,"minecraft:dandelion":4,"minecraft:gravel":63,"minecraft:porkchop":11,"minecraft:sand":12,"minecraft:cyan_bed":2,"minecraft:spruce_sapling":18,"minecraft:blast_furnace":2,"minecraft:diorite":5,"minecraft:white_bed":1,"minecraft:spruce_log":108,"minecraft:carrot":1,"minecraft:redstone":3,"minecraft:iron_horse_armor":1,"minecraft:dispenser":1,"minecraft:arrow":10,"minecraft:hay_block":12,"minecraft:iron_helmet":1,"minecraft:saddle":2,"minecraft:bread":8,"minecraft:oak_sapling":11,"minecraft:mutton":6,"minecraft:iron_bars":9,"minecraft:coal":12,"minecraft:white_wool":4,"minecraft:cobblestone":50}},"DataVersion":2586}