{"stats":{"minecraft:killed":{"minecraft:pig":4},"minecraft:picked_up":{"minecraft:crafting_table":2,"minecraft:sandstone":10,"minecraft:cut_sandstone":4,"minecraft:enchanted_book":1,"minecraft:sand":24,"minecraft:porkchop":10,"minecraft:oak_log":6,"minecraft:white_bed":1,"minecraft:gunpowder":5,"minecraft:red_terracotta":29,"minecraft:string":10,"minecraft:stone_pressure_plate":1,"minecraft:chiseled_sandstone":2,"minecraft:dirt":7,"minecraft:tnt":11,"minecraft:blue_terracotta":1,"minecraft:bone":19,"minecraft:rotten_flesh":30,"minecraft:golden_apple":2,"minecraft:saddle":1,"minecraft:chest":4,"minecraft:coal":24,"minecraft:cobblestone":37},"minecraft:dropped":{"minecraft:stone_pressure_plate":1},"minecraft:used":{"minecraft:blue_terracotta":1,"minecraft:chiseled_sandstone":2,"minecraft:stone_pickaxe":105,"minecraft:stone_shovel":7,"minecraft:shield":2,"minecraft:wooden_pickaxe":3,"minecraft:sandstone":10,"minecraft:rotten_flesh":4,"minecraft:stone_axe":33,"minecraft:torch":2,"minecraft:sand":26,"minecraft:cobblestone":2,"minecraft:tnt":3,"minecraft:crafting_table":3,"minecraft:furnace":2,"minecraft:white_bed":1},"minecraft:crafted":{"minecraft:oak_planks":24,"minecraft:stone_shovel":1,"minecraft:white_wool":3,"minecraft:shield":1,"minecraft:crafting_table":1,"minecraft:stick":12,"minecraft:wooden_pickaxe":1,"minecraft:stone_pickaxe":1,"minecraft:furnace":2,"minecraft:white_bed":1,"minecraft:torch":8,"minecraft:stone_axe":1},"minecraft:mined":{"minecraft:red_terracotta":29,"minecraft:cut_sandstone":4,"minecraft:stone_pressure_plate":1,"minecraft:white_bed":1,"minecraft:blue_terracotta":1,"minecraft:chiseled_sandstone":2,"minecraft:tnt":11,"minecraft:crafting_table":2,"minecraft:grass":2,"minecraft:grass_block":2,"minecraft:oak_log":6,"minecraft:coal_ore":24,"minecraft:chest":4,"minecraft:sand":6,"minecraft:dirt":5,"minecraft:mushroom_stem":21,"minecraft:stone":37,"minecraft:oak_leaves":1,"minecraft:sandstone":10},"minecraft:custom":{"minecraft:time_since_rest":4354,"minecraft:interact_with_furnace":1,"minecraft:sprint_one_cm":12761,"minecraft:damage_taken":159,"minecraft:walk_one_cm":10241,"minecraft:mob_kills":4,"minecraft:drop":1,"minecraft:damage_dealt":400,"minecraft:interact_with_crafting_table":7,"minecraft:fly_one_cm":26007,"minecraft:open_chest":4,"minecraft:crouch_one_cm":6966,"minecraft:play_one_minute":14296,"minecraft:sneak_time":3966,"minecraft:jump":201,"minecraft:time_since_death":14296,"minecraft:sleep_in_bed":1,"minecraft:fall_one_cm":4728}},"DataVersion":2586}