{"stats":{"minecraft:killed":{"minecraft:witch":5,"minecraft:spider":2,"minecraft:skeleton":38,"minecraft:sheep":15,"minecraft:pillager":46,"minecraft:zombie":10,"minecraft:evoker":3,"minecraft:vex":11,"minecraft:vindicator":58,"minecraft:bat":1,"minecraft:ravager":3,"minecraft:enderman":1},"minecraft:dropped":{"minecraft:dirt":4,"minecraft:gray_concrete":8,"minecraft:stone_button":2,"minecraft:mutton":2,"minecraft:cooked_cod":2,"minecraft:snowball":13,"minecraft:white_wool":2,"minecraft:bone":3,"minecraft:stone_axe":1,"minecraft:rotten_flesh":12,"minecraft:oak_planks":1,"minecraft:chainmail_chestplate":14,"minecraft:ladder":4,"minecraft:spruce_slab":5,"minecraft:crimson_planks":3,"minecraft:bread":73,"minecraft:oak_slab":15,"minecraft:oak_fence":1,"minecraft:iron_helmet":4,"minecraft:cobblestone":1,"minecraft:granite":26,"minecraft:diorite":16,"minecraft:brown_wool":1,"minecraft:iron_door":1,"minecraft:chainmail_leggings":8,"minecraft:string":4,"minecraft:chiseled_quartz_block":3,"minecraft:stone_shovel":10,"minecraft:light_gray_concrete":4,"minecraft:stone_bricks":1,"minecraft:bow":2,"minecraft:stone_pickaxe":1},"minecraft:used":{"minecraft:spruce_slab":199,"minecraft:chest":8,"minecraft:shield":71,"minecraft:iron_sword":214,"minecraft:bell":2,"minecraft:snowball":9,"minecraft:spruce_boat":1,"minecraft:glass":12,"minecraft:quartz_block":2,"minecraft:bow":220,"minecraft:furnace":5,"minecraft:stone_pickaxe":68,"minecraft:oak_planks":28,"minecraft:wooden_pickaxe":3,"minecraft:composter":2,"minecraft:blue_bed":6,"minecraft:sugar_cane":6,"minecraft:blast_furnace":1,"minecraft:light_gray_concrete":13,"minecraft:cyan_bed":14,"minecraft:bread":3,"minecraft:lectern":132,"minecraft:iron_door":1,"minecraft:gravel":14,"minecraft:grindstone":5,"minecraft:smithing_table":6,"minecraft:bone_meal":29,"minecraft:netherite_sword":8,"minecraft:enchanting_table":3,"minecraft:stone_shovel":240,"minecraft:spruce_planks":125,"minecraft:cooked_salmon":3,"minecraft:torch":194,"minecraft:dirt":10,"minecraft:white_carpet":8,"minecraft:spruce_stairs":7,"minecraft:granite":3,"minecraft:spruce_fence":1,"minecraft:dark_oak_planks":4,"minecraft:bookshelf":10,"minecraft:iron_axe":1500,"minecraft:oak_stairs":1,"minecraft:smooth_quartz":10,"minecraft:totem_of_undying":1,"minecraft:crimson_planks":26,"minecraft:minecart":11,"minecraft:acacia_wood":2,"minecraft:cooked_mutton":15,"minecraft:water_bucket":32,"minecraft:snow_block":5,"minecraft:baked_potato":5,"minecraft:fletching_table":7,"minecraft:cobblestone_slab":4,"minecraft:rail":59,"minecraft:crafting_table":12,"minecraft:oak_slab":14,"minecraft:red_bed":2,"minecraft:white_bed":14,"minecraft:spruce_log":4,"minecraft:oak_log":2,"minecraft:diamond_pickaxe":753,"minecraft:iron_pickaxe":304,"minecraft:spruce_trapdoor":14,"minecraft:spruce_sapling":67,"minecraft:stone_axe":205,"minecraft:cobblestone":146,"minecraft:bucket":31,"minecraft:pumpkin_pie":48,"minecraft:gray_wool":12},"minecraft:killed_by":{"minecraft:vindicator":7},"minecraft:broken":{"minecraft:stone_axe":1,"minecraft:stone_shovel":1,"minecraft:shield":1,"minecraft:iron_axe":5,"minecraft:iron_pickaxe":1},"minecraft:crafted":{"minecraft:grindstone":1,"minecraft:oak_planks":12,"minecraft:smooth_stone":6,"minecraft:cobblestone_slab":6,"minecraft:stone":9,"minecraft:bookshelf":11,"minecraft:cooked_mutton":21,"minecraft:glass":17,"minecraft:bow":1,"minecraft:diamond_helmet":1,"minecraft:diamond_leggings":1,"minecraft:chest":4,"minecraft:rail":48,"minecraft:oak_slab":12,"minecraft:arrow":192,"minecraft:emerald":231,"minecraft:crafting_table":6,"minecraft:spruce_planks":4056,"minecraft:wooden_pickaxe":1,"minecraft:iron_helmet":10,"minecraft:chainmail_chestplate":15,"minecraft:fletching_table":4,"minecraft:spruce_trapdoor":10,"minecraft:lectern":1,"minecraft:iron_chestplate":1,"minecraft:diamond_pickaxe":1,"minecraft:shield":3,"minecraft:stick":7261,"minecraft:stone_slab":6,"minecraft:iron_ingot":44,"minecraft:iron_pickaxe":2,"minecraft:snow_block":43,"minecraft:stone_shovel":12,"minecraft:spruce_button":8,"minecraft:furnace":2,"minecraft:blast_furnace":1,"minecraft:bone_meal":87,"minecraft:white_carpet":6,"minecraft:flint_and_steel":1,"minecraft:iron_axe":12,"minecraft:spruce_slab":204,"minecraft:stone_pickaxe":2,"minecraft:diamond_boots":1,"minecraft:spruce_boat":1,"minecraft:chainmail_leggings":12,"minecraft:minecart":1,"minecraft:crimson_planks":36,"minecraft:enchanting_table":1,"minecraft:bucket":1,"minecraft:stone_axe":3,"minecraft:enchanted_book":1,"minecraft:bread":90,"minecraft:air":0,"minecraft:white_bed":4,"minecraft:pumpkin_pie":48,"minecraft:torch":180,"minecraft:diamond_chestplate":1},"minecraft:picked_up":{"minecraft:iron_chestplate":5,"minecraft:wheat":2,"minecraft:smithing_table":6,"minecraft:oak_stairs":1,"minecraft:enchanted_book":3,"minecraft:crimson_planks":5,"minecraft:string":15,"minecraft:smooth_stone_slab":2,"minecraft:iron_leggings":5,"minecraft:purple_banner":1,"minecraft:pufferfish":2,"minecraft:diamond_leggings":3,"minecraft:bucket":3,"minecraft:spruce_planks":141,"minecraft:iron_pickaxe":2,"minecraft:smooth_quartz":23,"minecraft:melon_slice":13,"minecraft:iron_boots":2,"minecraft:furnace":6,"minecraft:stick":89,"minecraft:composter":5,"minecraft:oak_fence":2,"minecraft:torch":25,"minecraft:spruce_stairs":22,"minecraft:porkchop":2,"minecraft:snow_block":24,"minecraft:diorite":17,"minecraft:quartz_block":2,"minecraft:rotten_flesh":21,"minecraft:obsidian":10,"minecraft:snowball":226,"minecraft:cobblestone":1717,"minecraft:enchanting_table":2,"minecraft:repeater":10,"minecraft:iron_door":2,"minecraft:water_bucket":4,"minecraft:andesite":27,"minecraft:brown_wool":2,"minecraft:chiseled_quartz_block":9,"minecraft:potato":12,"minecraft:flint":38,"minecraft:stripped_spruce_wood":16,"minecraft:gray_concrete":16,"minecraft:dirt":41,"minecraft:lantern":1,"minecraft:bone":37,"minecraft:bow":5,"minecraft:wheat_seeds":13,"minecraft:bell":5,"minecraft:grindstone":4,"minecraft:diamond_helmet":2,"minecraft:fletching_table":5,"minecraft:glowstone_dust":5,"minecraft:honeycomb":14,"minecraft:oak_planks":49,"minecraft:sand":17,"minecraft:jungle_planks":5,"minecraft:stripped_spruce_log":10,"minecraft:cyan_bed":16,"minecraft:barrel":10,"minecraft:light_gray_concrete":40,"minecraft:diamond":50,"minecraft:crossbow":2,"minecraft:granite":29,"minecraft:bread":1,"minecraft:emerald":132,"minecraft:diamond_pickaxe":3,"minecraft:crafting_table":6,"minecraft:ladder":4,"minecraft:redstone_lamp":12,"minecraft:shield":6,"minecraft:red_bed":2,"minecraft:iron_axe":4,"minecraft:white_carpet":4,"minecraft:observer":2,"minecraft:minecart":11,"minecraft:spruce_slab":14,"minecraft:lectern":131,"minecraft:sugar_cane":14,"minecraft:chest":6,"minecraft:piston":11,"minecraft:spruce_trapdoor":4,"minecraft:stripped_crimson_hyphae":19,"minecraft:spruce_fence":6,"minecraft:stone_button":2,"minecraft:carrot":1,"minecraft:redstone":140,"minecraft:dark_oak_planks":4,"minecraft:diamond_chestplate":4,"minecraft:arrow":242,"minecraft:cooked_cod":2,"minecraft:stone_shovel":3,"minecraft:pumpkin_pie":39,"minecraft:diamond_boots":3,"minecraft:totem_of_undying":6,"minecraft:mutton":29,"minecraft:white_wool":21,"minecraft:rail":51,"minecraft:salmon":4,"minecraft:acacia_wood":2,"minecraft:oak_log":10,"minecraft:chainmail_chestplate":14,"minecraft:gunpowder":38,"minecraft:blue_bed":6,"minecraft:white_banner":3,"minecraft:cooked_mutton":20,"minecraft:stone_bricks":1,"minecraft:spruce_wood":14,"minecraft:iron_ingot":9,"minecraft:iron_ore":216,"minecraft:cobweb":10,"minecraft:glass_bottle":1,"minecraft:iron_sword":6,"minecraft:book":24,"minecraft:oak_slab":52,"minecraft:quartz":46,"minecraft:gravel":52,"minecraft:spruce_sapling":115,"minecraft:white_bed":10,"minecraft:spruce_log":1096,"minecraft:gold_ore":56,"minecraft:spider_eye":2,"minecraft:oak_wood":9,"minecraft:stone_axe":2,"minecraft:chainmail_leggings":8,"minecraft:iron_helmet":4,"minecraft:gray_wool":12,"minecraft:baked_potato":6,"minecraft:black_wool":1,"minecraft:coal":479},"minecraft:custom":{"minecraft:interact_with_crafting_table":55,"minecraft:open_barrel":46,"minecraft:bell_ring":5,"minecraft:leave_game":2,"minecraft:time_since_death":4063,"minecraft:sprint_one_cm":635142,"minecraft:damage_blocked_by_shield":3260,"minecraft:drop":93,"minecraft:talked_to_villager":338,"minecraft:deaths":7,"minecraft:jump":5247,"minecraft:walk_on_water_one_cm":28183,"minecraft:enchant_item":3,"minecraft:interact_with_furnace":40,"minecraft:traded_with_villager":334,"minecraft:play_one_minute":280119,"minecraft:sleep_in_bed":21,"minecraft:damage_dealt":36563,"minecraft:crouch_one_cm":158491,"minecraft:inspect_dispenser":3,"minecraft:interact_with_smithing_table":4,"minecraft:mob_kills":203,"minecraft:climb_one_cm":8890,"minecraft:walk_one_cm":560099,"minecraft:damage_dealt_absorbed":230,"minecraft:sneak_time":59364,"minecraft:walk_under_water_one_cm":23328,"minecraft:boat_one_cm":410060,"minecraft:raid_trigger":1,"minecraft:interact_with_grindstone":2,"minecraft:time_since_rest":4089,"minecraft:damage_taken":4836,"minecraft:damage_absorbed":79,"minecraft:minecart_one_cm":986,"minecraft:swim_one_cm":46764,"minecraft:fly_one_cm":957282,"minecraft:open_chest":127,"minecraft:fall_one_cm":113660},"minecraft:mined":{"minecraft:dark_oak_planks":4,"minecraft:spruce_planks":33,"minecraft:white_bed":10,"minecraft:farmland":16,"minecraft:obsidian":12,"minecraft:spruce_trapdoor":4,"minecraft:granite":29,"minecraft:stripped_crimson_hyphae":19,"minecraft:grass_block":9,"minecraft:composter":5,"minecraft:spawner":4,"minecraft:barrel":7,"minecraft:fire":2,"minecraft:iron_ore":93,"minecraft:fletching_table":5,"minecraft:enchanting_table":2,"minecraft:oak_stairs":1,"minecraft:light_gray_concrete":22,"minecraft:spruce_slab":11,"minecraft:tripwire":2,"minecraft:quartz_block":2,"minecraft:red_bed":2,"minecraft:chiseled_quartz_block":3,"minecraft:torch":10,"minecraft:melon":2,"minecraft:chest":4,"minecraft:glass":2,"minecraft:cobblestone":114,"minecraft:sugar_cane":9,"minecraft:cyan_bed":14,"minecraft:grindstone":4,"minecraft:oak_planks":38,"minecraft:iron_door":2,"minecraft:wall_torch":2,"minecraft:repeater":2,"minecraft:wheat":10,"minecraft:smooth_stone_slab":1,"minecraft:grass":5,"minecraft:oak_log":7,"minecraft:dirt":13,"minecraft:sand":17,"minecraft:smooth_quartz":22,"minecraft:crimson_planks":2,"minecraft:piston":1,"minecraft:diamond_ore":4,"minecraft:ladder":2,"minecraft:stone_button":1,"minecraft:spruce_fence":6,"minecraft:jungle_planks":5,"minecraft:redstone_wire":2,"minecraft:spruce_leaves":28,"minecraft:redstone_ore":21,"minecraft:spruce_sapling":11,"minecraft:furnace":4,"minecraft:carrots":1,"minecraft:snow":118,"minecraft:acacia_wood":2,"minecraft:andesite":25,"minecraft:stripped_spruce_log":10,"minecraft:bell":3,"minecraft:bookshelf":8,"minecraft:potatoes":5,"minecraft:rail":39,"minecraft:stone":504,"minecraft:white_wool":8,"minecraft:smithing_table":6,"minecraft:oak_slab":38,"minecraft:gray_concrete":4,"minecraft:snow_block":21,"minecraft:observer":2,"minecraft:oak_fence":1,"minecraft:crafting_table":6,"minecraft:oak_wood":9,"minecraft:lectern":131,"minecraft:tall_grass":1,"minecraft:diorite":17,"minecraft:blue_bed":6,"minecraft:spruce_stairs":20,"minecraft:gray_wool":12,"minecraft:stripped_spruce_wood":16,"minecraft:ice":2,"minecraft:white_carpet":4,"minecraft:spruce_log":1002,"minecraft:grass_path":5,"minecraft:coal_ore":151,"minecraft:gravel":56,"minecraft:cobweb":2,"minecraft:stone_bricks":1,"minecraft:gold_ore":14}},"DataVersion":2586}