{"stats":{"minecraft:dropped":{"minecraft:wheat_seeds":4,"minecraft:iron_chestplate":1,"minecraft:oak_sapling":7},"minecraft:used":{"minecraft:water_bucket":7,"minecraft:diorite":3,"minecraft:stone_pickaxe":66,"minecraft:stone_shovel":96,"minecraft:oak_planks":7,"minecraft:chest":6,"minecraft:wooden_pickaxe":7,"minecraft:shield":47,"minecraft:composter":4,"minecraft:fletching_table":2,"minecraft:golden_hoe":33,"minecraft:crafting_table":2,"minecraft:blast_furnace":1,"minecraft:white_bed":1,"minecraft:spruce_log":1,"minecraft:iron_pickaxe":1,"minecraft:iron_axe":127,"minecraft:bread":4,"minecraft:spruce_sapling":13,"minecraft:stone_axe":51,"minecraft:sweet_berries":6,"minecraft:grindstone":3,"minecraft:furnace":2,"minecraft:cooked_porkchop":8,"minecraft:bucket":8,"minecraft:yellow_bed":4,"minecraft:dandelion":4},"minecraft:mined":{"minecraft:white_bed":1,"minecraft:dandelion":4,"minecraft:crafting_table":1,"minecraft:blast_furnace":1,"minecraft:grass_block":8,"minecraft:chest":6,"minecraft:tall_grass":11,"minecraft:sugar_cane":2,"minecraft:spruce_leaves":12,"minecraft:composter":4,"minecraft:grindstone":2,"minecraft:oak_planks":3,"minecraft:diorite":5,"minecraft:large_fern":4,"minecraft:hay_block":12,"minecraft:spruce_sapling":1,"minecraft:furnace":1,"minecraft:carrots":1,"minecraft:iron_ore":3,"minecraft:sweet_berry_bush":7,"minecraft:spruce_log":100,"minecraft:yellow_bed":4,"minecraft:grass":29,"minecraft:oak_log":19,"minecraft:coal_ore":12,"minecraft:beetroots":2,"minecraft:gravel":67,"minecraft:sand":12,"minecraft:dirt":17,"minecraft:stripped_oak_log":1,"minecraft:stone":50,"minecraft:oak_leaves":3},"minecraft:crafted":{"minecraft:grindstone":1,"minecraft:oak_planks":60,"minecraft:stone_shovel":1,"minecraft:emerald":20,"minecraft:cooked_porkchop":11,"minecraft:crafting_table":2,"minecraft:spruce_planks":320,"minecraft:wooden_pickaxe":1,"minecraft:furnace":2,"minecraft:stone":9,"minecraft:fletching_table":2,"minecraft:bone_meal":33,"minecraft:bucket":1,"minecraft:stone_axe":1,"minecraft:bread":60,"minecraft:air":0,"minecraft:shield":1,"minecraft:iron_axe":2,"minecraft:stick":652,"minecraft:stone_slab":6,"minecraft:iron_ingot":2,"minecraft:stone_pickaxe":1,"minecraft:chest":2,"minecraft:white_bed":1,"minecraft:pumpkin_pie":16},"minecraft:killed":{"minecraft:pig":5,"minecraft:sheep":4,"minecraft:skeleton":12},"minecraft:custom":{"minecraft:interact_with_furnace":9,"minecraft:mob_kills":21,"minecraft:traded_with_villager":36,"minecraft:interact_with_crafting_table":13,"minecraft:play_one_minute":38159,"minecraft:interact_with_grindstone":1,"minecraft:leave_game":1,"minecraft:time_since_death":38159,"minecraft:sleep_in_bed":3,"minecraft:climb_one_cm":1126,"minecraft:time_since_rest":3183,"minecraft:sprint_one_cm":113719,"minecraft:damage_taken":731,"minecraft:walk_one_cm":62968,"minecraft:damage_blocked_by_shield":1850,"minecraft:drop":7,"minecraft:damage_dealt":2382,"minecraft:swim_one_cm":4787,"minecraft:talked_to_villager":18,"minecraft:fly_one_cm":249161,"minecraft:open_chest":23,"minecraft:crouch_one_cm":9038,"minecraft:sneak_time":3461,"minecraft:walk_under_water_one_cm":311,"minecraft:jump":954,"minecraft:walk_on_water_one_cm":2709,"minecraft:fall_one_cm":21914,"minecraft:horse_one_cm":429234},"minecraft:broken":{"minecraft:golden_hoe":1},"minecraft:picked_up":{"minecraft:stripped_oak_log":1,"minecraft:crafting_table":1,"minecraft:iron_chestplate":2,"minecraft:feather":1,"minecraft:potato":25,"minecraft:flint":4,"minecraft:oak_log":19,"minecraft:yellow_bed":4,"minecraft:lapis_lazuli":13,"minecraft:dirt":25,"minecraft:iron_leggings":1,"minecraft:bone":11,"minecraft:apple":15,"minecraft:bow":1,"minecraft:wheat_seeds":10,"minecraft:iron_ingot":16,"minecraft:grindstone":2,"minecraft:iron_ore":3,"minecraft:iron_pickaxe":1,"minecraft:sugar_cane":5,"minecraft:chest":6,"minecraft:iron_sword":4,"minecraft:oak_planks":3,"minecraft:egg":1,"minecraft:stick":17,"minecraft:sweet_berries":17,"minecraft:composter":4,"minecraft:dandelion":4,"minecraft:gravel":62,"minecraft:porkchop":11,"minecraft:sand":12,"minecraft:spruce_sapling":18,"minecraft:white_bed":1,"minecraft:blast_furnace":1,"minecraft:diorite":5,"minecraft:spruce_log":99,"minecraft:carrot":1,"minecraft:iron_horse_armor":1,"minecraft:arrow":10,"minecraft:iron_helmet":1,"minecraft:hay_block":12,"minecraft:saddle":2,"minecraft:bread":8,"minecraft:oak_sapling":11,"minecraft:mutton":6,"minecraft:iron_bars":9,"minecraft:coal":12,"minecraft:white_wool":4,"minecraft:cobblestone":50}},"DataVersion":2586}