{"stats":{"minecraft:picked_up":{"minecraft:crafting_table":2,"minecraft:iron_chestplate":2,"minecraft:iron_leggings":1,"minecraft:cyan_wool":39,"minecraft:observer":1,"minecraft:iron_pickaxe":1,"minecraft:lectern":1,"minecraft:sugar_cane":7,"minecraft:chest":6,"minecraft:egg":1,"minecraft:stick":53,"minecraft:composter":4,"minecraft:torch":2,"minecraft:porkchop":11,"minecraft:diorite":15,"minecraft:carrot":1,"minecraft:redstone":21,"minecraft:iron_horse_armor":1,"minecraft:arrow":10,"minecraft:hay_block":12,"minecraft:saddle":2,"minecraft:mutton":6,"minecraft:iron_bars":9,"minecraft:white_wool":4,"minecraft:cobblestone":195,"minecraft:stripped_oak_log":1,"minecraft:feather":1,"minecraft:andesite":9,"minecraft:potato":25,"minecraft:flint":4,"minecraft:oak_log":19,"minecraft:yellow_bed":4,"minecraft:lapis_lazuli":13,"minecraft:dirt":25,"minecraft:bone":11,"minecraft:apple":15,"minecraft:bow":1,"minecraft:wheat_seeds":14,"minecraft:grindstone":2,"minecraft:iron_ingot":16,"minecraft:iron_ore":31,"minecraft:fletching_table":3,"minecraft:oak_planks":16,"minecraft:iron_sword":4,"minecraft:book":36,"minecraft:sweet_berries":17,"minecraft:dandelion":4,"minecraft:gravel":63,"minecraft:sand":12,"minecraft:spruce_sapling":68,"minecraft:blast_furnace":2,"minecraft:cyan_bed":3,"minecraft:white_bed":3,"minecraft:spruce_log":742,"minecraft:dispenser":1,"minecraft:diamond":2,"minecraft:chainmail_leggings":9,"minecraft:iron_helmet":3,"minecraft:granite":4,"minecraft:chainmail_helmet":9,"minecraft:bread":8,"minecraft:oak_sapling":11,"minecraft:coal":12},"minecraft:crafted":{"minecraft:grindstone":1,"minecraft:oak_planks":80,"minecraft:chainmail_helmet":17,"minecraft:cobblestone_slab":6,"minecraft:stone_shovel":1,"minecraft:furnace":2,"minecraft:stone":9,"minecraft:bone_meal":33,"minecraft:diamond_helmet":1,"minecraft:bow":1,"minecraft:iron_axe":5,"minecraft:stone_pickaxe":1,"minecraft:chest":2,"minecraft:diamond_boots":1,"minecraft:chainmail_leggings":12,"minecraft:arrow":112,"minecraft:emerald":182,"minecraft:cooked_porkchop":11,"minecraft:crafting_table":2,"minecraft:spruce_planks":2904,"minecraft:wooden_pickaxe":1,"minecraft:cyan_bed":8,"minecraft:iron_helmet":12,"minecraft:fletching_table":2,"minecraft:bucket":1,"minecraft:stone_axe":1,"minecraft:bread":60,"minecraft:air":0,"minecraft:spruce_trapdoor":4,"minecraft:shield":1,"minecraft:stick":5769,"minecraft:stone_slab":6,"minecraft:iron_ingot":2,"minecraft:white_bed":1,"minecraft:cyan_carpet":6,"minecraft:pumpkin_pie":64,"minecraft:torch":12,"minecraft:shears":1,"minecraft:diamond_chestplate":1},"minecraft:killed":{"minecraft:skeleton":12,"minecraft:pig":5,"minecraft:sheep":4},"minecraft:custom":{"minecraft:mob_kills":21,"minecraft:interact_with_crafting_table":24,"minecraft:open_barrel":2,"minecraft:leave_game":4,"minecraft:time_since_death":93525,"minecraft:climb_one_cm":2269,"minecraft:sprint_one_cm":184631,"minecraft:walk_one_cm":127925,"minecraft:damage_blocked_by_shield":1850,"minecraft:drop":43,"minecraft:talked_to_villager":82,"minecraft:sneak_time":19455,"minecraft:walk_under_water_one_cm":685,"minecraft:jump":1567,"minecraft:walk_on_water_one_cm":3186,"minecraft:interact_with_furnace":15,"minecraft:traded_with_villager":265,"minecraft:play_one_minute":93525,"minecraft:interact_with_grindstone":1,"minecraft:sleep_in_bed":7,"minecraft:time_since_rest":9724,"minecraft:damage_taken":804,"minecraft:damage_dealt":2382,"minecraft:swim_one_cm":4787,"minecraft:fly_one_cm":351128,"minecraft:open_chest":73,"minecraft:crouch_one_cm":53144,"minecraft:fall_one_cm":29046,"minecraft:horse_one_cm":845272},"minecraft:broken":{"minecraft:golden_hoe":1,"minecraft:iron_axe":2},"minecraft:dropped":{"minecraft:bread":59,"minecraft:wheat_seeds":7,"minecraft:iron_helmet":2,"minecraft:chainmail_helmet":17,"minecraft:fire_charge":1,"minecraft:chainmail_leggings":9,"minecraft:white_wool":1,"minecraft:oak_planks":8,"minecraft:iron_chestplate":1,"minecraft:oak_sapling":7,"minecraft:bow":1},"minecraft:used":{"minecraft:stone_shovel":97,"minecraft:chest":7,"minecraft:shield":47,"minecraft:torch":13,"minecraft:granite":4,"minecraft:obsidian":2,"minecraft:iron_axe":795,"minecraft:sweet_berries":6,"minecraft:furnace":2,"minecraft:water_bucket":8,"minecraft:diorite":3,"minecraft:stone_pickaxe":66,"minecraft:oak_planks":16,"minecraft:wooden_pickaxe":7,"minecraft:composter":4,"minecraft:sugar_cane":5,"minecraft:fletching_table":5,"minecraft:golden_hoe":33,"minecraft:crafting_table":3,"minecraft:blast_furnace":1,"minecraft:white_bed":4,"minecraft:shears":42,"minecraft:spruce_log":1,"minecraft:cyan_bed":5,"minecraft:bread":9,"minecraft:iron_pickaxe":208,"minecraft:lectern":1,"minecraft:spruce_sapling":45,"minecraft:gravel":19,"minecraft:stone_axe":51,"minecraft:cobblestone":2,"minecraft:cooked_porkchop":8,"minecraft:grindstone":3,"minecraft:bucket":9,"minecraft:yellow_bed":4,"minecraft:dandelion":4,"minecraft:bone_meal":21},"minecraft:mined":{"minecraft:diamond_ore":2,"minecraft:white_bed":3,"minecraft:granite":4,"minecraft:grass_block":8,"minecraft:spruce_leaves":21,"minecraft:composter":4,"minecraft:large_fern":4,"minecraft:hay_block":12,"minecraft:redstone_ore":4,"minecraft:spruce_sapling":1,"minecraft:furnace":1,"minecraft:carrots":1,"minecraft:iron_ore":31,"minecraft:andesite":9,"minecraft:fletching_table":3,"minecraft:bookshelf":12,"minecraft:stripped_oak_log":1,"minecraft:stone":197,"minecraft:brown_carpet":1,"minecraft:dandelion":4,"minecraft:crafting_table":2,"minecraft:torch":2,"minecraft:blast_furnace":2,"minecraft:chest":6,"minecraft:lectern":1,"minecraft:tall_grass":19,"minecraft:cyan_bed":3,"minecraft:grindstone":2,"minecraft:sugar_cane":3,"minecraft:oak_planks":3,"minecraft:diorite":15,"minecraft:cyan_wool":42,"minecraft:sweet_berry_bush":7,"minecraft:spruce_log":744,"minecraft:birch_leaves":1,"minecraft:yellow_bed":4,"minecraft:grass":33,"minecraft:oak_log":19,"minecraft:coal_ore":12,"minecraft:beetroots":2,"minecraft:gravel":68,"minecraft:sand":12,"minecraft:dirt":17,"minecraft:oak_leaves":3}},"DataVersion":2586}