{"stats":{"minecraft:dropped":{"minecraft:wheat_seeds":2,"minecraft:iron_chestplate":1,"minecraft:oak_sapling":7},"minecraft:used":{"minecraft:water_bucket":1,"minecraft:diorite":3,"minecraft:stone_shovel":96,"minecraft:stone_pickaxe":66,"minecraft:oak_planks":6,"minecraft:shield":47,"minecraft:chest":4,"minecraft:wooden_pickaxe":7,"minecraft:fletching_table":2,"minecraft:golden_hoe":22,"minecraft:crafting_table":1,"minecraft:spruce_log":1,"minecraft:iron_axe":104,"minecraft:bread":1,"minecraft:spruce_sapling":13,"minecraft:stone_axe":51,"minecraft:sweet_berries":6,"minecraft:cooked_porkchop":8,"minecraft:furnace":2,"minecraft:grindstone":3,"minecraft:bucket":1,"minecraft:dandelion":4},"minecraft:mined":{"minecraft:dandelion":4,"minecraft:grass_block":8,"minecraft:chest":4,"minecraft:tall_grass":6,"minecraft:spruce_leaves":12,"minecraft:grindstone":2,"minecraft:oak_planks":3,"minecraft:diorite":5,"minecraft:large_fern":4,"minecraft:spruce_sapling":1,"minecraft:furnace":1,"minecraft:carrots":1,"minecraft:iron_ore":3,"minecraft:sweet_berry_bush":7,"minecraft:spruce_log":100,"minecraft:grass":17,"minecraft:oak_log":14,"minecraft:coal_ore":12,"minecraft:beetroots":2,"minecraft:gravel":67,"minecraft:sand":12,"minecraft:dirt":17,"minecraft:stone":50,"minecraft:oak_leaves":2},"minecraft:crafted":{"minecraft:grindstone":1,"minecraft:oak_planks":56,"minecraft:stone_shovel":1,"minecraft:emerald":20,"minecraft:cooked_porkchop":11,"minecraft:crafting_table":1,"minecraft:spruce_planks":320,"minecraft:wooden_pickaxe":1,"minecraft:furnace":2,"minecraft:stone":9,"minecraft:fletching_table":2,"minecraft:bucket":1,"minecraft:stone_axe":1,"minecraft:air":0,"minecraft:shield":1,"minecraft:iron_axe":2,"minecraft:stick":652,"minecraft:stone_slab":6,"minecraft:iron_ingot":2,"minecraft:stone_pickaxe":1,"minecraft:chest":2},"minecraft:killed":{"minecraft:pig":5,"minecraft:skeleton":12},"minecraft:custom":{"minecraft:interact_with_furnace":9,"minecraft:mob_kills":17,"minecraft:traded_with_villager":22,"minecraft:interact_with_crafting_table":12,"minecraft:play_one_minute":26540,"minecraft:interact_with_grindstone":1,"minecraft:time_since_death":26540,"minecraft:sleep_in_bed":2,"minecraft:climb_one_cm":1126,"minecraft:time_since_rest":3871,"minecraft:sprint_one_cm":90827,"minecraft:damage_taken":674,"minecraft:walk_one_cm":49800,"minecraft:damage_blocked_by_shield":1850,"minecraft:drop":5,"minecraft:damage_dealt":2062,"minecraft:swim_one_cm":4787,"minecraft:talked_to_villager":12,"minecraft:fly_one_cm":191098,"minecraft:open_chest":16,"minecraft:crouch_one_cm":8879,"minecraft:sneak_time":3420,"minecraft:walk_under_water_one_cm":311,"minecraft:jump":750,"minecraft:walk_on_water_one_cm":1538,"minecraft:fall_one_cm":18152},"minecraft:picked_up":{"minecraft:iron_chestplate":2,"minecraft:potato":8,"minecraft:flint":4,"minecraft:oak_log":14,"minecraft:lapis_lazuli":13,"minecraft:dirt":25,"minecraft:iron_leggings":1,"minecraft:bone":11,"minecraft:apple":7,"minecraft:bow":1,"minecraft:wheat_seeds":2,"minecraft:iron_ingot":16,"minecraft:grindstone":2,"minecraft:iron_ore":3,"minecraft:iron_pickaxe":1,"minecraft:iron_sword":4,"minecraft:chest":4,"minecraft:oak_planks":3,"minecraft:stick":10,"minecraft:sweet_berries":17,"minecraft:dandelion":4,"minecraft:gravel":62,"minecraft:porkchop":11,"minecraft:sand":12,"minecraft:spruce_sapling":16,"minecraft:diorite":5,"minecraft:spruce_log":98,"minecraft:carrot":1,"minecraft:iron_horse_armor":1,"minecraft:arrow":10,"minecraft:iron_helmet":1,"minecraft:saddle":2,"minecraft:bread":4,"minecraft:oak_sapling":7,"minecraft:iron_bars":9,"minecraft:coal":12,"minecraft:cobblestone":50}},"DataVersion":2586}